talk_id,available_lang
1,43
2,27
3,25
4,29
5,25
6,21
7,26
8,18
9,19
10,48
11,31
12,26
13,23
14,22
16,35
18,24
19,26
20,37
21,21
22,43
23,24
25,27
26,34
27,24
28,32
29,25
30,26
31,16
32,23
33,19
34,29
35,28
36,22
37,34
38,23
39,30
40,30
41,26
42,29
43,24
44,24
45,32
46,32
47,29
48,22
49,19
50,27
51,23
53,35
54,27
55,20
56,23
57,20
58,26
59,24
60,19
61,29
62,33
63,25
64,25
65,27
66,62
67,21
68,23
69,36
70,72
71,31
72,24
73,34
74,32
75,22
76,29
77,20
78,31
79,22
80,20
81,29
82,32
83,28
84,24
85,26
86,31
87,27
89,26
90,18
91,27
92,49
93,45
94,33
97,45
98,37
99,39
101,27
102,31
103,32
104,27
105,23
108,26
109,25
110,28
112,23
113,42
114,16
115,34
116,32
117,31
118,31
119,23
121,23
122,19
123,45
125,29
126,22
127,32
128,20
129,35
130,31
131,31
139,26
140,35
141,25
142,33
143,22
144,24
145,22
146,19
147,28
148,34
149,39
151,22
152,21
153,45
154,21
155,21
156,27
157,26
158,21
159,30
161,32
162,32
163,33
164,32
165,28
167,22
168,28
170,23
171,19
172,24
174,23
175,30
176,19
177,22
178,34
179,45
181,29
182,22
183,28
184,35
185,21
187,27
188,22
189,26
190,24
191,40
192,24
193,21
194,29
195,21
196,31
197,29
198,22
199,44
200,34
201,42
202,41
203,28
204,38
205,31
206,47
207,21
208,26
209,19
210,22
211,26
212,23
213,25
214,26
215,19
216,24
217,27
218,25
219,22
220,30
221,25
222,23
223,20
224,26
225,32
227,24
228,29
229,49
230,18
231,19
232,22
233,32
234,29
235,41
236,39
237,27
239,37
241,35
242,42
243,44
245,36
246,21
247,24
248,49
249,19
250,34
251,36
252,54
253,38
254,17
255,19
258,29
259,18
260,18
261,34
263,30
264,23
266,27
267,24
268,21
269,24
270,24
271,19
272,34
273,21
274,24
276,61
278,24
279,33
280,20
282,39
285,52
286,46
287,40
288,18
292,33
294,28
296,24
297,25
298,25
299,21
300,19
301,39
306,24
307,34
308,27
310,28
312,36
313,44
315,25
316,24
318,19
319,27
320,22
321,29
322,39
323,23
324,29
325,28
326,30
327,21
328,25
329,19
330,19
331,21
333,28
334,31
335,22
339,17
340,26
341,31
343,26
344,22
345,19
346,24
347,23
348,26
349,54
350,17
351,25
353,20
354,29
355,20
356,37
358,21
359,17
360,28
361,31
362,21
363,19
364,36
365,30
366,34
371,24
372,20
374,27
375,23
377,22
379,21
381,32
383,50
385,21
386,20
388,22
390,20
391,28
392,26
393,24
394,26
395,20
396,23
399,21
400,30
402,17
403,18
404,28
405,23
406,25
407,44
408,38
409,21
410,19
411,29
412,29
413,21
414,26
416,25
418,33
419,34
420,31
421,21
422,20
423,30
424,19
426,20
427,20
428,21
429,20
430,19
431,21
432,25
433,22
434,22
435,18
436,21
437,21
439,18
440,24
441,23
442,22
443,30
445,22
447,22
450,23
451,35
453,50
455,20
457,29
462,37
463,23
464,27
466,30
467,31
468,26
469,23
470,36
471,22
472,24
473,32
474,30
475,25
476,22
477,26
480,30
481,44
482,42
483,30
484,28
485,36
487,36
488,37
489,20
490,43
492,30
494,36
495,21
498,29
499,27
500,20
501,33
502,25
503,20
504,27
506,28
507,21
509,40
510,24
511,41
512,25
515,19
516,25
517,28
518,35
519,22
520,20
521,25
523,33
524,25
525,33
526,21
527,21
529,22
531,40
532,29
533,19
534,21
535,47
537,22
538,32
540,40
544,29
545,24
547,25
548,46
549,38
551,41
552,46
553,45
554,48
555,40
556,30
557,32
558,22
560,28
561,30
562,17
563,35
565,39
566,34
570,23
571,24
572,55
573,28
575,30
578,30
580,28
582,38
584,28
585,27
586,32
587,65
588,42
589,24
590,20
591,34
592,34
594,33
598,23
599,25
601,31
602,34
603,27
604,27
605,47
606,20
607,27
608,25
610,21
613,32
614,29
615,24
618,44
619,27
620,34
621,25
622,27
623,27
625,20
626,32
627,20
628,22
629,23
630,33
633,32
634,30
635,30
637,39
639,31
640,25
641,29
642,45
643,25
644,24
645,26
646,22
647,31
648,23
649,29
650,31
651,25
652,49
653,35
654,32
655,20
657,34
658,32
659,28
660,33
661,21
662,24
663,34
664,35
665,29
666,27
667,28
669,36
670,25
673,30
674,37
675,20
676,47
677,27
679,22
680,29
681,39
682,31
683,37
684,29
685,42
686,32
688,23
689,23
691,20
692,21
694,24
695,36
696,22
698,27
700,23
701,28
702,22
704,33
705,24
706,19
708,23
709,22
710,34
712,28
713,25
714,40
715,26
716,29
717,23
718,30
719,33
723,26
724,41
726,22
727,32
728,24
729,32
734,33
735,36
736,50
738,20
741,34
743,25
744,33
748,34
750,22
751,27
752,42
755,70
757,23
759,21
760,20
761,23
762,24
763,26
765,50
766,28
767,38
768,29
769,33
770,23
771,24
772,23
773,37
776,31
777,25
779,39
780,22
783,24
785,36
786,28
787,22
788,33
789,31
790,31
791,26
792,33
796,20
797,19
799,34
800,26
801,39
802,32
803,37
804,26
805,35
807,28
809,32
811,42
814,66
815,58
818,32
819,22
820,26
821,28
823,22
824,32
826,38
828,31
830,27
831,24
833,24
835,38
836,28
837,34
838,33
842,23
843,24
844,26
845,22
846,37
847,28
848,48
849,27
850,25
851,26
852,31
853,25
854,22
855,33
856,42
859,39
860,49
861,22
862,31
863,25
865,58
866,30
868,32
869,27
871,23
872,24
873,27
874,28
876,34
877,33
878,32
879,23
880,30
881,28
883,30
884,35
885,36
886,22
887,34
888,31
889,34
891,25
892,29
893,44
894,32
896,30
898,22
899,22
900,35
901,49
909,29
910,29
911,32
912,47
914,29
915,34
916,26
917,34
918,45
919,25
920,27
921,34
922,28
924,37
925,18
926,19
927,28
928,31
929,24
930,32
932,24
934,25
935,34
936,27
937,31
938,28
939,22
940,24
941,37
944,36
945,25
946,29
947,60
948,29
949,43
950,23
951,26
952,27
954,23
955,31
957,40
958,28
959,33
960,30
961,33
962,21
963,32
964,35
965,36
966,33
967,28
968,26
970,31
971,29
972,28
973,22
974,33
975,57
976,30
977,31
978,27
980,23
981,31
983,35
984,29
986,33
987,39
988,35
991,23
992,25
993,36
994,24
995,34
996,30
997,36
998,29
1000,28
1001,28
1002,29
1003,24
1004,36
1005,26
1006,36
1007,32
1008,34
1009,24
1010,33
1011,24
1012,27
1013,30
1014,37
1015,26
1016,40
1017,37
1018,32
1019,31
1020,32
1030,28
1031,36
1032,37
1033,29
1034,37
1036,32
1037,29
1039,28
1040,47
1041,23
1042,52
1043,32
1044,57
1045,35
1046,28
1047,31
1048,36
1049,32
1050,38
1051,29
1052,31
1053,35
1054,27
1055,28
1056,26
1057,22
1058,30
1059,33
1060,27
1061,38
1062,20
1064,25
1065,30
1066,35
1067,32
1068,35
1069,41
1070,27
1071,35
1072,32
1073,31
1074,25
1075,45
1076,27
1077,26
1078,35
1079,31
1080,24
1081,30
1082,23
1083,37
1084,32
1085,38
1086,32
1087,35
1088,28
1089,29
1090,44
1091,41
1092,33
1093,30
1094,33
1095,30
1096,49
1098,29
1100,42
1101,47
1102,29
1103,28
1104,33
1105,25
1106,54
1107,32
1108,23
1109,45
1110,36
1111,35
1112,33
1113,27
1114,31
1115,33
1116,33
1117,33
1118,39
1119,40
1120,30
1121,29
1122,45
1124,31
1125,36
1126,41
1127,35
1129,26
1130,54
1131,30
1132,30
1133,33
1134,47
1135,37
1136,32
1137,29
1138,39
1139,35
1140,40
1141,35
1142,32
1143,53
1144,39
1145,32
1146,32
1147,31
1148,38
1149,34
1150,59
1152,27
1153,26
1154,32
1155,37
1156,41
1158,32
1159,38
1160,30
1161,39
1162,30
1163,31
1164,35
1165,28
1166,28
1167,43
1168,24
1169,30
1170,29
1171,41
1172,33
1173,35
1174,26
1175,38
1176,43
1177,32
1178,39
1180,38
1181,27
1182,36
1183,73
1184,35
1185,33
1186,22
1187,37
1188,34
1189,29
1190,34
1191,34
1192,39
1193,37
1194,36
1195,46
1196,31
1197,34
1198,41
1199,33
1200,49
1201,42
1202,37
1203,43
1204,38
1205,37
1206,39
1207,34
1208,33
1209,34
1210,42
1211,47
1212,41
1213,33
1214,35
1215,34
1216,35
1217,27
1218,29
1219,40
1220,30
1221,36
1222,34
1223,35
1224,31
1226,33
1227,37
1228,40
1229,29
1230,36
1231,34
1232,38
1233,33
1234,39
1235,29
1236,33
1237,27
1238,49
1239,39
1240,29
1241,38
1242,15
1243,31
1244,34
1245,16
1246,41
1247,33
1248,45
1249,29
1250,31
1251,23
1252,34
1253,40
1255,34
1256,27
1257,31
1258,36
1259,37
1260,31
1261,30
1262,43
1263,14
1264,30
1265,37
1266,32
1267,35
1268,15
1269,39
1270,36
1271,30
1272,41
1274,29
1276,35
1278,18
1279,12
1280,36
1281,34
1282,51
1283,38
1284,39
1285,31
1286,49
1287,34
1288,32
1289,37
1290,28
1291,27
1292,16
1293,24
1294,25
1295,33
1296,30
1297,31
1298,31
1299,21
1300,1
1301,45
1302,23
1303,29
1304,34
1305,33
1306,14
1307,13
1308,33
1309,29
1310,36
1311,28
1312,40
1313,42
1314,31
1315,37
1317,1
1318,18
1320,25
1321,28
1322,37
1323,37
1324,17
1325,14
1326,39
1327,43
1328,36
1329,40
1330,36
1331,19
1332,20
1334,30
1335,20
1336,26
1337,31
1338,27
1339,33
1341,22
1342,28
1343,29
1344,48
1345,27
1346,22
1347,19
1348,20
1349,35
1350,23
1351,28
1352,28
1353,45
1354,12
1355,38
1356,24
1357,38
1359,31
1360,25
1361,30
1362,24
1363,21
1364,36
1365,29
1366,35
1367,31
1368,36
1369,17
1370,24
1371,38
1372,20
1373,27
1374,30
1375,32
1376,34
1377,47
1378,33
1379,32
1380,30
1381,35
1382,52
1383,13
1384,38
1385,22
1386,28
1387,26
1388,30
1389,33
1390,44
1391,39
1392,16
1393,10
1394,24
1396,29
1397,44
1398,28
1399,29
1400,14
1401,34
1402,22
1403,34
1404,38
1405,35
1406,26
1407,16
1408,24
1409,36
1410,37
1411,31
1412,25
1413,42
1415,13
1416,41
1417,39
1418,25
1419,27
1420,28
1421,25
1422,31
1423,24
1424,31
1425,32
1426,32
1427,40
1428,35
1429,30
1430,41
1431,42
1432,26
1433,21
1434,23
1435,27
1436,32
1437,29
1438,31
1439,1
1440,26
1441,31
1442,29
1443,34
1444,40
1445,28
1446,17
1447,32
1448,39
1449,35
1450,30
1451,34
1452,25
1453,18
1454,30
1455,39
1456,25
1457,24
1458,29
1459,24
1460,22
1461,30
1462,24
1463,25
1464,39
1465,28
1466,18
1467,30
1468,29
1469,56
1470,41
1471,35
1472,25
1473,28
1474,22
1475,25
1476,27
1477,37
1478,28
1479,21
1480,30
1481,23
1482,39
1483,23
1484,27
1485,29
1487,38
1488,28
1489,22
1490,31
1491,26
1492,26
1494,29
1495,30
1496,27
1498,42
1499,22
1500,35
1501,30
1503,24
1505,27
1506,27
1507,25
1508,33
1509,25
1510,22
1512,36
1513,22
1514,28
1515,26
1516,21
1517,27
1518,34
1519,27
1520,26
1521,36
1522,31
1523,31
1524,26
1526,26
1527,22
1528,21
1530,26
1531,31
1532,30
1533,35
1534,34
1535,27
1537,37
1538,31
1541,34
1542,32
1543,25
1544,33
1545,23
1546,25
1547,29
1548,30
1549,27
1551,20
1552,27
1553,46
1554,27
1555,25
1556,25
1557,28
1558,21
1559,24
1560,27
1561,22
1562,24
1563,33
1564,34
1565,28
1566,27
1567,28
1568,26
1569,51
1570,28
1571,24
1572,24
1573,27
1574,26
1575,34
1576,29
1577,29
1578,26
1579,25
1580,25
1581,30
1582,26
1583,27
1584,34
1585,20
1586,22
1587,28
1588,30
1591,33
1592,42
1593,22
1594,26
1595,30
1596,27
1597,26
1598,28
1599,26
1600,39
1601,29
1602,37
1603,38
1604,24
1605,24
1606,31
1607,33
1608,31
1609,36
1610,33
1611,35
1612,26
1613,27
1614,26
1616,26
1617,35
1618,29
1619,34
1620,33
1621,31
1622,49
1623,23
1624,32
1625,23
1626,31
1627,24
1628,23
1629,31
1630,26
1631,33
1632,24
1633,29
1634,46
1636,33
1637,31
1638,20
1639,28
1640,40
1641,27
1642,23
1643,32
1644,27
1645,26
1646,33
1647,44
1648,26
1649,29
1650,37
1651,34
1652,27
1653,24
1654,41
1655,32
1656,24
1657,28
1658,35
1659,28
1660,38
1661,40
1663,37
1664,29
1665,32
1666,44
1667,29
1668,33
1669,36
1670,32
1671,32
1672,35
1673,30
1674,26
1675,26
1677,43
1678,44
1679,22
1682,43
1683,35
1684,30
1685,34
1687,35
1688,27
1689,27
1690,25
1691,30
1692,28
1693,25
1694,44
1695,35
1696,28
1697,29
1698,29
1699,43
1700,36
1701,29
1702,26
1703,31
1704,39
1705,15
1706,37
1707,27
1708,24
1709,35
1710,28
1711,21
1712,29
1713,31
1714,31
1715,28
1716,36
1717,28
1718,32
1719,28
1720,27
1721,24
1723,19
1724,32
1725,44
1726,51
1727,27
1728,47
1729,30
1730,41
1731,41
1732,30
1733,50
1734,32
1735,21
1736,53
1737,34
1738,43
1739,40
1741,34
1742,31
1743,27
1744,35
1745,38
1746,33
1747,31
1749,30
1750,36
1751,30
1752,23
1753,27
1754,35
1755,49
1756,34
1757,23
1758,27
1759,31
1760,31
1761,29
1762,27
1763,49
1764,32
1765,28
1766,27
1767,33
1768,22
1769,25
1770,30
1771,35
1772,33
1773,30
1774,37
1776,25
1777,21
1778,31
1779,26
1780,28
1781,37
1782,33
1783,22
1784,34
1785,31
1786,20
1787,33
1788,28
1789,36
1790,31
1791,30
1792,37
1793,23
1794,35
1795,28
1796,39
1797,43
1798,33
1799,31
1800,37
1801,27
1802,33
1803,33
1804,32
1805,29
1806,36
1807,34
1808,26
1809,34
1810,38
1811,28
1812,41
1813,28
1814,35
1815,50
1816,26
1817,25
1818,31
1819,28
1820,28
1821,38
1822,34
1823,32
1824,39
1825,24
1826,34
1827,30
1828,34
1829,30
1830,34
1831,35
1832,28
1833,32
1834,31
1835,29
1836,33
1837,29
1838,27
1839,29
1840,26
1841,26
1842,25
1843,26
1845,22
1846,28
1847,24
1848,27
1849,36
1850,27
1851,28
1852,31
1853,31
1854,28
1855,21
1856,26
1857,32
1858,33
1859,25
1860,27
1861,30
1862,44
1863,30
1864,32
1865,28
1866,33
1872,23
1873,32
1874,28
1875,28
1876,27
1877,31
1878,35
1879,38
1880,45
1881,26
1882,28
1883,38
1885,41
1886,29
1887,26
1888,30
1889,26
1890,37
1891,34
1892,24
1893,29
1894,33
1895,30
1896,36
1897,32
1898,42
1900,37
1901,22
1902,25
1903,34
1904,25
1905,27
1906,29
1907,24
1908,29
1909,28
1910,32
1911,28
1912,40
1913,29
1914,26
1915,38
1916,24
1917,38
1918,31
1919,26
1920,25
1921,31
1922,27
1924,30
1925,31
1926,30
1927,26
1928,32
1929,23
1930,35
1931,27
1932,30
1933,28
1934,28
1935,26
1936,35
1937,30
1938,22
1939,30
1940,32
1941,31
1942,32
1943,24
1944,33
1945,26
1946,27
1947,27
1948,24
1949,30
1950,31
1951,29
1952,23
1953,25
1954,42
1955,34
1956,27
1957,31
1958,26
1959,27
1960,27
1961,32
1962,34
1963,33
1964,28
1965,33
1966,28
1969,40
1971,33
1972,23
1973,32
1974,29
1976,29
1977,23
1978,25
1979,21
1981,27
1982,29
1983,38
1984,29
1985,33
1986,28
1987,33
1988,25
1989,21
1990,27
1991,29
1992,30
1993,27
1994,22
1995,31
1996,20
1997,39
1998,40
1999,26
2000,23
2001,28
2002,26
2003,32
2004,24
2005,29
2006,26
2007,25
2008,24
2009,35
2010,26
2011,29
2012,44
2013,26
2014,30
2015,29
2016,21
2017,34
2018,35
2019,27
2020,24
2021,25
2022,28
2023,34
2024,41
2025,31
2026,27
2027,26
2028,31
2029,27
2030,26
2031,35
2032,26
2033,17
2034,47
2035,22
2036,32
2037,28
2038,26
2039,26
2041,26
2042,27
2043,25
2044,29
2045,34
2046,31
2047,32
2048,26
2049,47
2050,37
2052,31
2053,28
2054,31
2055,26
2056,24
2057,26
2059,43
2060,24
2061,30
2062,31
2063,39
2064,31
2065,26
2066,26
2067,33
2068,28
2069,21
2070,38
2071,31
2072,32
2073,31
2074,23
2075,38
2076,22
2077,28
2078,30
2088,15
2089,34
2090,34
2091,31
2092,31
2093,23
2094,26
2095,40
2096,39
2097,24
2098,26
2099,24
2100,32
2101,25
2102,32
2103,33
2104,31
2105,25
2106,33
2107,26
2108,32
2109,29
2110,29
2111,27
2112,25
2113,25
2114,34
2115,32
2116,29
2117,43
2118,26
2119,28
2120,28
2121,23
2122,33
2124,24
2126,24
2127,24
2128,28
2129,29
2130,29
2131,26
2132,29
2133,26
2134,30
2135,38
2136,40
2137,28
2138,36
2139,24
2140,29
2141,28
2142,27
2143,27
2144,31
2145,30
2146,32
2147,41
2148,30
2149,32
2150,32
2151,25
2152,28
2153,35
2154,22
2155,26
2156,43
2157,35
2158,36
2159,30
2160,32
2161,41
2162,33
2163,27
2164,28
2165,25
2166,26
2167,24
2168,32
2169,37
2170,33
2171,35
2172,28
2173,26
2174,19
2175,24
2176,22
2177,24
2178,28
2179,28
2180,34
2181,31
2182,30
2183,31
2184,35
2185,24
2186,27
2193,37
2194,31
2195,43
2197,25
2198,26
2199,21
2200,47
2201,33
2202,29
2203,30
2204,34
2206,30
2207,26
2208,31
2209,21
2210,25
2211,26
2212,41
2213,29
2214,24
2215,32
2216,29
2217,41
2218,26
2219,20
2220,22
2221,34
2222,32
2223,31
2224,24
2225,43
2226,24
2227,39
2228,31
2229,35
2230,26
2231,28
2232,42
2233,32
2234,30
2235,28
2236,35
2237,32
2238,34
2239,30
2240,34
2241,26
2242,40
2243,31
2244,38
2245,36
2246,26
2247,27
2248,28
2249,36
2250,30
2251,36
2252,34
2253,27
2254,29
2255,30
2256,36
2257,33
2258,23
2259,22
2260,31
2261,20
2262,32
2263,25
2264,28
2265,30
2272,43
2273,43
2274,31
2275,27
2276,31
2277,32
2278,20
2279,28
2280,28
2281,32
2282,23
2283,33
2284,32
2285,29
2286,34
2287,30
2288,23
2289,34
2291,27
2292,27
2293,32
2294,22
2295,38
2296,29
2297,31
2298,35
2299,36
2300,33
2301,30
2302,27
2303,30
2304,51
2305,26
2306,25
2307,36
2308,26
2309,33
2310,35
2311,30
2313,38
2314,30
2315,24
2316,29
2317,28
2318,25
2319,32
2320,26
2321,34
2322,29
2323,24
2324,35
2325,36
2326,23
2327,23
2328,27
2329,30
2330,33
2331,25
2332,31
2333,29
2334,27
2335,25
2336,24
2337,29
2338,30
2339,24
2340,41
2341,38
2342,38
2343,28
2344,26
2345,28
2346,22
2348,33
2349,33
2351,28
2352,27
2353,29
2354,31
2356,30
2357,30
2358,32
2359,26
2361,38
2362,28
2363,37
2364,22
2365,23
2366,37
2367,29
2368,34
2369,33
2370,26
2371,21
2372,23
2373,36
2374,21
2375,25
2376,28
2377,31
2378,21
2379,23
2380,38
2381,34
2382,39
2383,36
2384,27
2385,28
2387,20
2388,41
2389,23
2390,24
2391,35
2392,26
2393,29
2394,31
2395,30
2396,29
2397,31
2398,24
2399,45
2400,30
2401,31
2402,47
2403,26
2404,21
2405,47
2406,18
2407,30
2409,37
2410,22
2411,31
2412,25
2413,35
2414,24
2415,25
2416,24
2417,31
2418,31
2419,24
2420,40
2423,22
2424,24
2425,34
2426,25
2427,23
2428,21
2429,34
2430,27
2431,27
2433,25
2434,31
2435,42
2436,32
2437,29
2438,29
2439,33
2440,26
2441,27
2442,31
2443,23
2445,22
2447,30
2448,38
2449,24
2451,28
2452,28
2453,25
2454,33
2455,28
2456,23
2457,36
2458,43
2459,25
2460,25
2461,28
2462,22
2463,34
2464,30
2465,14
2466,33
2467,26
2468,25
2469,31
2470,35
2471,27
2472,19
2473,26
2474,39
2475,22
2476,25
2477,28
2478,39
2479,25
2480,25
2481,28
2482,30
2483,36
2484,24
2485,39
2486,26
2487,22
2488,35
2489,17
2490,26
2491,31
2492,30
2493,26
2494,30
2495,26
2496,34
2497,27
2498,26
2499,23
2500,24
2501,40
2502,32
2504,31
2505,24
2506,26
2507,39
2508,32
2510,32
2511,36
2512,22
2513,26
2514,23
2515,23
2516,19
2517,32
2518,23
2519,23
2520,39
2521,25
2522,26
2523,26
2524,30
2525,24
2526,31
2527,21
2528,29
2529,26
2530,32
2531,31
2532,22
2533,25
2534,23
2535,35
2536,34
2537,35
2538,30
2539,28
2540,24
2541,27
2543,33
2544,21
2545,29
2546,37
2547,30
2548,44
2549,21
2550,30
2551,25
2552,27
2553,26
2554,27
2555,29
2556,23
2557,27
2558,32
2559,21
2560,21
2561,21
2562,31
2563,26
2565,20
2566,31
2567,23
2568,19
2569,23
2570,23
2571,23
2572,23
2573,24
2574,35
2575,20
2576,36
2577,40
2578,29
2579,32
2580,23
2581,23
2582,36
2583,24
2584,31
2585,32
2586,34
2587,24
2588,22
2589,35
2590,27
2591,25
2592,30
2593,30
2594,35
2595,43
2596,22
2597,25
2598,32
2599,23
2600,25
2601,25
2602,18
2603,26
2604,23
2605,30
2606,24
2607,27
2608,21
2609,32
2610,29
2611,27
2612,30
2614,30
2615,27
2616,21
2617,22
2618,23
2619,24
2620,26
2621,25
2622,26
2623,33
2624,25
2625,25
2626,25
2627,36
2628,24
2629,18
2630,38
2631,31
2632,25
2633,26
2634,17
2635,17
2636,22
2637,25
2638,36
2639,25
2641,24
2642,26
2643,22
2644,24
2645,24
2646,18
2647,39
2648,22
2649,29
2650,21
2651,19
2652,38
2653,27
2654,20
2655,21
2656,27
2657,32
2658,26
2659,31
2660,28
2661,30
2662,27
2663,23
2664,22
2665,25
2666,24
2667,22
2668,22
2669,21
2670,24
2671,23
2672,35
2673,21
2674,24
2675,20
2677,25
2678,27
2679,28
2680,22
2681,32
2682,20
2683,23
2684,34
2685,24
2686,23
2687,27
2688,20
2689,28
2690,22
2691,18
2692,18
2693,22
2694,23
2695,23
2696,35
2697,34
2698,21
2700,24
2701,32
2702,26
2703,24
2704,31
2705,22
2706,25
2707,22
2708,26
2709,36
2711,17
2712,33
2713,22
2714,22
2716,14
2718,25
2719,30
2720,27
2721,24
2722,17
2723,25
2724,35
2725,15
2726,21
2727,24
2728,21
2729,25
2730,20
2731,28
2732,27
2733,27
2734,23
2735,19
2736,22
2737,37
2738,20
2739,33
2740,26
2741,35
2742,21
2743,29
2744,32
2745,31
2746,21
2747,34
2748,26
2749,36
2750,27
2751,24
2752,28
2753,33
2754,23
2755,28
2756,37
2757,21
2758,23
2759,25
2760,22
2761,27
2762,31
2763,22
2764,33
2765,24
2766,29
2767,29
2768,33
2769,22
2770,23
2771,31
2772,26
2774,28
2775,31
2776,24
2777,13
2778,20
2779,29
2780,36
2781,18
2782,28
2783,26
2784,20
2785,30
2786,28
2787,25
2788,14
2789,23
2790,39
2791,23
2792,20
2793,21
2794,26
2795,16
2796,25
2797,21
2798,37
2799,30
2800,19
2801,30
2802,18
2803,20
2804,25
2805,27
2806,17
2807,21
2808,25
2809,22
2810,27
2811,26
2812,19
2813,19
2814,23
2815,34
2816,18
2817,26
2818,16
2819,13
2820,29
2821,25
2822,27
2823,26
2824,21
2825,19
2826,24
2827,23
2828,22
2829,26
2830,19
2831,20
2833,26
2834,21
2835,19
2836,26
2837,40
2838,18
2839,18
2840,17
2841,20
2842,28
2843,26
2844,19
2845,22
2846,21
2847,17
2848,22
2849,19
2850,25
2851,20
2852,23
2853,20
2854,21
2855,17
2856,22
2857,25
2858,16
2859,19
2860,11
2861,36
2862,21
2863,18
2864,18
2865,16
2866,16
2867,20
2868,22
2869,35
2870,16
2871,16
2872,24
2873,23
2874,26
2875,12
2876,16
2877,20
2878,15
2879,25
2880,16
2881,12
2882,25
2883,23
2884,17
2885,24
2886,15
2887,13
2889,36
2890,20
2891,15
2892,21
2893,2
2894,26
2895,23
2896,24
2898,19
2901,20
3012,20
3013,26
3114,31
3136,23
3231,27
3257,23
3269,25
3328,15
3362,14
3363,23
3364,15
3365,26
3366,33
3367,18
3573,19
3574,22
3579,20
3581,10
3583,25
3585,19
3587,24
3590,22
3591,13
3592,17
3593,15
3595,21
3596,19
3606,20
3612,16
3613,31
3614,29
3615,21
3616,13
3617,29
3618,35
3620,14
3623,18
3625,12
3631,18
3632,15
3633,14
3642,19
3671,31
3680,25
3686,32
3694,21
3769,5
3891,21
4062,16
4366,20
4463,15
4490,15
4539,20
4669,27
4755,25
4856,4
4873,22
4958,20
5072,14
5116,27
5162,19
5351,26
5451,16
5458,15
5480,2
5498,14
5655,5
5990,25
6234,15
6235,21
6286,21
6287,11
6298,15
6379,20
6477,16
6493,16
6496,16
6553,19
6594,24
6602,15
6639,29
6668,17
6669,16
6671,22
6672,20
6857,35
7060,11
7394,18
7395,15
7592,23
8227,4
8298,20
8417,19
8418,21
8419,28
8420,14
8421,16
8422,18
8423,29
8529,3
8530,14
8588,15
8589,15
8606,25
8779,18
8780,17
8786,35
8787,21
8788,21
8799,14
8866,15
8947,26
9033,27
9048,19
9125,22
9126,25
9214,19
9219,21
9296,16
9403,15
9463,30
9464,16
9473,17
9636,20
9687,17
9781,17
9807,16
9930,18
9951,18
9982,17
9983,15
9984,21
9985,31
9986,17
9987,31
9988,16
9989,25
10173,21
10190,17
10193,19
10266,15
10274,14
10358,24
10360,20
10361,19
10362,25
10376,22
10378,23
10550,28
10666,10
10681,14
10727,12
10750,24
10802,17
10807,22
10835,25
10975,21
11008,26
11087,17
11089,14
11199,15
11226,15
11327,14
11337,10
11363,12
11486,14
11684,16
11685,16
11720,23
11869,22
11871,21
11976,21
11997,28
12060,14
12066,24
12202,14
12302,16
12303,23
12346,34
12347,29
12348,31
12349,26
12350,26
12351,37
12352,29
12353,26
12354,19
12370,20
12385,16
12409,17
12459,19
12498,19
12501,17
12571,12
12650,3
12727,35
12729,3
12799,18
12800,16
12803,15
12829,3
12908,19
12983,3
13000,17
13009,7
13010,9
13011,8
13012,7
13013,7
13022,22
13029,18
13035,12
13055,27
13062,28
13195,18
13217,18
13247,13
13316,20
13340,13
13464,14
13465,16
13476,26
13517,18
13518,31
13523,20
13567,21
13584,13
13585,22
13586,11
13587,38
13588,12
13589,14
13591,17
13720,14
13778,12
13828,13
13834,19
13878,23
13923,12
14392,29
14439,18
14471,15
14484,22
14485,18
14486,25
14491,16
14608,19
14610,1
14613,19
14614,20
14615,21
15112,17
15149,17
15214,20
15274,22
15275,19
15284,26
15289,11
15290,21
15398,21
15420,16
15452,24
15471,20
15518,27
15531,17
15536,26
15537,21
15553,20
15555,23
15722,22
15813,16
15814,27
15862,19
16014,5
16159,29
16294,28
16782,21
16913,17
16960,4
16985,6
17023,7
17237,18
17238,17
17239,18
17240,16
17275,17
17603,29
17697,7
17698,10
17699,9
17711,8
17712,11
17713,11
17733,17
17845,17
17846,18
17848,23
17849,17
17850,2
17851,20
17909,17
17922,25
17923,24
17994,25
18094,36
18190,6
18219,17
18394,35
18469,26
18512,23
18514,22
18517,15
18592,18
18818,28
18928,22
19140,16
19172,24
19173,18
19174,24
19175,18
19266,15
19320,2
19322,22
19330,23
19413,26
19460,17
19461,15
19478,21
19535,20
19714,2
19727,22
19740,23
19756,20
19829,22
19830,23
19831,31
19851,15
19883,17
19927,25
19992,36
19995,24
20008,25
20044,25
20082,22
20083,23
20084,2
20085,28
20086,18
20087,4
20088,10
20089,29
20101,24
20172,15
20173,17
20259,22
20268,14
20269,14
20310,23
20317,19
20319,29
20324,19
20365,18
20368,21
20390,23
20447,24
20475,25
20519,16
20554,19
20633,11
20692,18
20721,29
20753,33
20757,20
20779,16
20919,25
20973,19
20974,6
20975,16
21017,24
21033,25
21039,24
21117,19
21148,3
21150,4
21177,23
21191,24
21307,21
21584,20
21645,21
21646,20
21650,20
21700,18
21701,28
21752,20
21753,13
21768,2
21802,14
21803,13
21804,20
21894,18
21895,25
21896,19
21900,2
21913,1
21932,19
21972,4
21976,23
21977,25
21996,20
22628,19
22701,23
22703,14
22704,22
22752,17
22799,13
22817,22
22919,24
22947,23
22979,33
22992,26
23058,18
23087,22
23088,20
23089,14
23117,23
23129,28
23174,17
23248,18
23413,1
23416,3
23418,2
23420,24
23421,18
23422,20
23423,25
23466,3
23479,27
23480,21
23483,22
23515,14
23583,28
23658,26
23684,2
23713,11
23714,33
23716,34
23722,28
23723,23
23724,23
23727,23
23734,21
23735,23
23736,17
23738,22
23740,22
23751,20
23758,25
23762,26
23770,21
23772,23
23773,19
23777,25
23780,17
23783,20
23785,20
23786,22
23788,22
23789,24
23791,23
23794,27
23799,27
23800,23
23801,36
23806,22
23807,26
23811,22
23813,23
23818,27
23827,20
23837,18
23841,20
23843,23
23844,26
23845,18
23847,16
23850,18
23862,24
23863,23
23864,20
23865,21
23877,29
23878,17
23879,20
23880,27
23886,23
23887,23
23889,21
23891,22
23894,23
23895,14
23896,21
23903,23
23912,22
23913,22
23915,26
23916,20
23917,22
23918,23
23919,24
23920,21
23921,23
23923,20
23927,19
23928,24
23929,18
23930,24
23931,27
23933,23
23936,27
23938,22
23942,25
23955,21
23956,26
23958,23
23965,25
23968,22
23971,29
23972,21
23973,21
23976,21
23977,17
23979,28
23980,25
23981,21
23986,22
23998,26
24003,25
24006,32
24012,25
24016,24
24017,24
24019,29
24020,27
24021,27
24024,16
24026,25
24033,23
24035,29
24036,27
24041,27
24044,25
24045,23
24048,23
24049,25
24053,20
24060,27
24063,14
24064,22
24067,29
24069,23
24072,22
24076,26
24078,27
24091,23
24092,26
24095,20
24105,19
24106,30
24109,21
24111,23
24113,24
24119,20
24126,27
24130,25
24131,22
24133,15
24136,23
24138,31
24140,20
24147,29
24152,23
24156,25
24158,19
24166,24
24167,24
24168,26
24171,20
24178,26
24180,34
24183,27
24185,19
24190,22
24196,21
24199,21
24204,20
24205,31
24208,22
24209,28
24219,23
24220,23
24227,24
24230,29
24232,28
24238,31
24240,28
24246,25
24249,32
24254,24
24255,28
24257,32
24260,25
24261,36
24262,28
24266,23
24268,27
24271,22
24273,27
24275,30
24278,26
24281,28
24283,24
24284,31
24286,37
24293,29
24295,24
24298,23
24301,23
24303,25
24306,31
24308,25
24316,28
24317,34
24321,23
24322,34
24323,17
24324,30
24328,26
24330,23
24331,22
24339,26
24340,27
24343,22
24347,19
24350,32
24351,24
24354,37
24356,29
24357,27
24360,30
24361,26
24363,22
24368,28
24370,23
24379,28
24382,36
24387,25
24388,23
24392,21
24393,20
24396,25
24399,26
24402,26
24405,22
24414,22
24416,19
24435,22
24436,33
24443,32
24445,19
24447,26
24453,26
24455,35
24457,20
24458,25
24462,18
24463,24
24465,25
24466,24
24468,22
24471,17
24472,26
24474,24
24480,24
24481,30
24482,21
24483,23
24485,30
24486,23
24488,18
24490,28
24491,23
24492,21
24504,31
24505,19
24509,23
24513,18
24542,33
24556,24
24558,25
24587,26
24603,23
24689,7
24724,21
24725,24
24727,4
24865,29
24866,4
24922,22
25029,17
25054,17
25057,20
25090,17
25103,21
25132,21
25133,17
25241,15
25335,17
25339,19
25340,25
25368,21
25571,22
25572,17
25595,27
25601,17
25671,22
25727,17
25748,17
25751,16
25874,20
26072,15
26073,24
26074,20
26075,22
26076,13
26257,20
26262,16
26263,24
26264,21
26265,18
26266,18
26333,13
26570,18
26676,17
26707,21
26708,20
26727,25
26779,20
26913,20
26915,21
26916,19
26918,4
26921,5
26922,23
26926,18
26946,21
27105,24
27155,21
27173,21
27219,18
27221,22
27383,17
27608,13
27622,12
27632,22
27674,27
27692,13
27696,20
27750,16
27790,18
27793,23
27846,26
27951,12
27952,3
28050,19
28070,24
28104,15
28164,14
28172,18
28236,17
28318,15
28418,27
28429,22
28438,18
28518,21
28521,23
28542,20
28544,23
28863,21
28953,13
29009,3
29063,23
29064,17
29159,17
29160,20
29185,21
29263,14
29265,24
29391,41
29411,20
29413,23
29414,17
29459,22
29521,14
29523,18
29668,20
29688,3
29746,17
29769,19
29775,13
29779,16
29949,11
29968,17
29998,20
30108,16
30161,12
30180,23
30204,15
30207,21
30295,15
30296,19
30297,20
30300,24
30301,14
30303,20
30507,26
30527,12
30813,23
30820,30
30821,33
30988,5
31006,5
31121,21
31122,23
31135,19
31235,28
31240,30
31375,23
31376,27
31377,23
31441,18
31455,21
31459,14
31466,20
31628,1
31630,24
31633,22
31700,20
31745,20
31779,21
31780,17
31812,13
31813,22
31814,14
31821,17
31849,15
31857,16
31863,21
32015,11
32035,26
32054,24
32071,16
32189,19
32190,17
32249,23
32250,21
32265,19
32267,19
32269,24
32389,23
32412,11
32414,15
32422,12
32555,1
32556,5
32557,3
32560,37
32673,22
33778,26
33798,22
33799,23
33800,17
33801,26
33880,17
33881,7
33885,26
33924,18
33930,21
33931,24
34214,14
34302,18
34369,20
35351,22
35352,1
35353,17
35386,22
35401,23
35497,16
35563,20
35565,21
35566,22
35605,4
35621,3
35764,17
35766,19
35767,18
35812,17
35897,22
35903,19
35945,12
36063,28
36110,21
36214,20
36215,18
36217,20
36384,3
36385,18
36404,2
36408,18
36409,17
36411,20
36415,23
36416,26
36478,18
36479,15
36659,21
36684,18
36685,21
36762,21
36770,19
36771,28
36811,11
36844,11
37122,24
37123,19
37137,22
37225,18
37346,26
37382,15
37442,16
37467,21
37498,23
37661,18
37739,19
37746,16
37757,25
37758,18
37760,16
37787,14
37800,13
37856,3
37861,17
37985,21
37986,15
38072,15
38073,22
38074,24
38075,23
38076,24
38078,19
38079,15
38222,14
38268,16
38286,2
38297,24
38337,19
38913,19
38971,16
38972,17
39095,21
39096,10
39220,5
39236,6
39331,26
39498,15
39503,25
39512,20
39584,16
39689,19
39912,16
39941,17
39981,26
40035,23
40181,17
40201,11
40280,22
40410,15
40540,20
40635,20
40636,18
40712,20
40713,18
40714,24
40727,16
40767,25
40769,20
40930,16
40949,19
41037,18
41038,17
41105,27
41223,23
41224,21
41225,17
41226,17
41333,11
41338,7
41353,28
41395,23
41404,20
41452,26
41454,17
41455,20
41457,26
41570,25
41652,18
41656,16
41678,16
41764,16
41873,19
41874,8
41917,22
42088,22
42089,20
42247,21
42248,15
42423,16
42424,21
42461,19
42464,19
42488,18
42546,17
42548,19
42604,17
42629,22
42698,2
42700,2
42702,4
42783,20
42819,23
42821,15
42931,15
42946,23
43148,22
43183,33
43200,23
43226,18
43293,25
43333,13
43362,26
43379,6
43407,15
43755,4
43852,19
43862,15
43932,4
43933,1
44040,20
44200,21
44201,4
44202,13
44204,29
44216,21
44259,15
44266,20
44339,25
44345,20
44372,15
44373,21
44386,4
44494,23
44696,26
44698,5
44823,22
44829,1
44879,21
44912,20
45045,10
45086,22
45088,21
45172,16
45233,27
45407,11
45411,15
45412,13
45466,15
45537,19
45538,22
45539,17
45612,28
45613,16
45614,17
45837,1
45838,34
45868,21
45969,19
45970,16
45971,15
45972,20
45973,18
46074,13
46250,17
46383,18
46384,21
46385,20
46386,14
46453,4
46456,3
46459,3
46462,24
46517,21
46518,24
46519,20
46522,20
46526,5
46528,17
46529,13
46530,19
46535,12
46536,22
46575,25
46577,21
46580,20
46581,20
46582,21
46583,6
46585,20
46587,17
46589,12
46590,12
46591,16
46592,18
46593,20
46594,18
46595,11
46597,20
46598,26
46599,15
46600,16
46601,19
46906,11
48102,10
48103,23
48104,23
48221,20
48222,17
48266,20
48268,18
48272,25
48275,20
48493,16
48495,18
48498,15
48499,18
48532,15
48545,20
48610,22
48627,7
48638,19
48665,18
48847,16
48848,19
48854,24
48856,18
48857,13
48858,20
48919,10
49002,18
49046,15
49067,12
49114,19
49129,20
49130,19
49131,20
49136,4
49163,19
49205,14
49221,20
49223,20
49279,15
49281,22
49356,20
49358,13
49359,20
49398,20
49424,11
49429,19
49433,18
49435,24
49438,9
49439,22
49440,19
49446,20
49732,20
49735,15
49779,21
49931,18
49989,12
50057,4
50058,6
50574,9
50586,16
50637,25
50638,14
50640,19
50641,19
50657,15
50755,13
50791,15
50792,19
50793,12
50803,18
50853,15
50854,16
50855,11
50856,20
50857,13
50930,15
50956,9
50957,18
50958,18
50959,9
50982,4
50986,24
50987,18
50988,16
50989,12
50990,3
51070,17
51071,13
51101,13
51105,29
51332,22
51449,25
51452,19
51538,12
51605,17
51634,28
51698,11
51845,1
51990,16
51996,11
51997,17
52017,17
52061,29
52062,13
52073,17
52188,16
52190,23
52194,15
52195,22
52268,14
52269,10
52270,12
52271,10
52395,14
52396,15
52397,13
52402,17
52462,17
52463,5
52464,9
52465,10
52466,18
52467,22
52468,10
52469,15
52490,20
52673,11
52752,15
52811,13
52812,14
52813,19
52819,15
52942,2
53024,7
53059,21
53211,18
53270,17
53276,15
53297,12
53522,14
53523,17
53580,16
53582,18
53583,13
53601,19
53602,17
53667,20
53669,11
53671,19
53740,21
54125,12
54153,10
54214,21
54262,3
54352,15
54353,23
54358,15
54394,15
54513,19
54653,19
54706,10
54713,14
54715,11
54750,12
54754,6
54827,17
54838,12
54863,12
55027,22
55042,19
55058,13
55113,11
55140,20
55275,22
55342,3
55544,17
55546,19
55562,13
55593,22
55793,16
55981,14
55993,14
56009,14
56012,14
56368,19
56434,7
56527,12
56535,11
56629,10
56811,13
56834,9
56860,12
56901,16
56959,13
56988,11
57059,16
57063,15
57144,12
57186,11
57311,18
57364,13
57418,12
57475,11
57604,10
57606,23
57639,19
57701,13
57706,15
57734,9
57908,19
57913,10
57914,10
57915,9
57916,10
57917,10
57918,8
57920,5
57924,11
58010,10
58011,10
58012,7
58013,8
58014,8
58015,8
58016,10
58017,11
58018,9
58104,9
58119,17
58120,10
58121,8
58212,15
58361,15
58446,12
58586,11
58601,20
58704,13
58706,6
58787,14
58884,7
58891,8
58979,10
59048,6
59050,3
59145,19
59148,14
59149,17
59150,16
59151,17
59152,13
59153,1
59154,19
59155,9
59156,9
59158,17
59159,8
59779,3
59801,11
59862,5
59971,12
59972,15
59980,6
60021,7
60063,11
60079,13
60080,13
60081,4
60084,30
60135,2
60183,7
60184,3
60193,5
60310,14
60315,4
60390,11
60405,3
60411,16
60416,10
60422,12
60487,18
60742,12
60752,10
60774,9
60819,11
60835,11
60872,29
60873,25
60914,6
60926,10
61119,14
61301,1
61302,1
61303,1
61316,13
61317,12
61357,2
61575,12
61579,10
61611,9
61644,8
61930,1
61991,3
61992,13
62062,10
62149,1
62214,8
62263,1
62266,1
62270,4
62306,9
62341,3
62347,6
62406,2
62554,3
62627,5
62628,2
62678,1
62707,7
62748,4
62782,4
62784,1
62794,1
